UUID,VAR1
a923-45b7-gh12-5448,towel
a923-45b7-gh12-470,towel
a923-45b7-gh12-9539,towel
a923-45b7-gh12-917,towel
a923-45b7-gh12-5321,towel
a923-45b7-gh12-5647,towel
a923-45b7-gh12-5129,towel
a923-45b7-gh12-8407,towel
a923-45b7-gh12-5788,towel
a923-45b7-gh12-5499,towel
a923-45b7-gh12-5130,towel
a923-45b7-gh12-4266,towel
a923-45b7-gh12-8282,towel
a923-45b7-gh12-2996,towel
a923-45b7-gh12-2568,towel
a923-45b7-gh12-6878,towel
a923-45b7-gh12-2145,towel
a923-45b7-gh12-8555,towel
a923-45b7-gh12-4863,towel
a923-45b7-gh12-9815,towel
a923-45b7-gh12-5412,towel
a923-45b7-gh12-3844,towel
a923-45b7-gh12-4229,towel
a923-45b7-gh12-8465,towel
a923-45b7-gh12-2971,towel
a923-45b7-gh12-9854,towel
a923-45b7-gh12-192,towel
a923-45b7-gh12-798,towel
a923-45b7-gh12-6403,towel
a923-45b7-gh12-7118,towel
a923-45b7-gh12-5557,towel
a923-45b7-gh12-232,towel
a923-45b7-gh12-3580,towel
a923-45b7-gh12-4874,towel
a923-45b7-gh12-3160,towel
a923-45b7-gh12-1135,towel
a923-45b7-gh12-300,towel
a923-45b7-gh12-7364,towel
a923-45b7-gh12-492,towel
a923-45b7-gh12-6053,towel
a923-45b7-gh12-3936,towel
a923-45b7-gh12-6297,towel
a923-45b7-gh12-7502,towel
a923-45b7-gh12-7526,towel
a923-45b7-gh12-1255,towel
a923-45b7-gh12-8426,towel
a923-45b7-gh12-6247,towel
a923-45b7-gh12-2391,towel
a923-45b7-gh12-4118,towel
a923-45b7-gh12-5441,towel
a923-45b7-gh12-260,towel
a923-45b7-gh12-5437,towel
a923-45b7-gh12-3986,towel
a923-45b7-gh12-6585,towel
a923-45b7-gh12-1789,towel
a923-45b7-gh12-7335,towel
a923-45b7-gh12-5287,towel
a923-45b7-gh12-5261,towel
a923-45b7-gh12-2821,towel
a923-45b7-gh12-689,towel
a923-45b7-gh12-4271,towel
a923-45b7-gh12-6321,towel
a923-45b7-gh12-6830,towel
a923-45b7-gh12-3315,towel
a923-45b7-gh12-6143,towel
a923-45b7-gh12-5276,towel
a923-45b7-gh12-2668,towel
a923-45b7-gh12-9740,towel
a923-45b7-gh12-6044,towel
a923-45b7-gh12-7399,towel
a923-45b7-gh12-3831,towel
a923-45b7-gh12-8977,towel
a923-45b7-gh12-8025,towel
a923-45b7-gh12-4268,towel
a923-45b7-gh12-5959,towel
a923-45b7-gh12-7358,towel
a923-45b7-gh12-7833,towel
a923-45b7-gh12-8384,towel
a923-45b7-gh12-1624,towel
a923-45b7-gh12-9395,towel
a923-45b7-gh12-887,towel
a923-45b7-gh12-4403,towel
a923-45b7-gh12-8195,towel
a923-45b7-gh12-6391,towel
a923-45b7-gh12-6030,towel
a923-45b7-gh12-2426,towel
a923-45b7-gh12-8622,towel
a923-45b7-gh12-454,towel
a923-45b7-gh12-8023,towel
a923-45b7-gh12-8546,towel
a923-45b7-gh12-6584,towel
a923-45b7-gh12-7973,towel
a923-45b7-gh12-2911,towel
a923-45b7-gh12-8308,towel
a923-45b7-gh12-1360,towel
a923-45b7-gh12-7278,towel
a923-45b7-gh12-8084,towel
a923-45b7-gh12-4391,towel
a923-45b7-gh12-6846,towel
a923-45b7-gh12-6966,towel
a923-45b7-gh12-6800,towel
a923-45b7-gh12-508,towel
a923-45b7-gh12-7878,towel
a923-45b7-gh12-4523,towel
a923-45b7-gh12-2467,towel
a923-45b7-gh12-4891,towel
a923-45b7-gh12-2277,towel
a923-45b7-gh12-2875,towel
a923-45b7-gh12-3888,towel
a923-45b7-gh12-3749,towel
a923-45b7-gh12-726,towel
a923-45b7-gh12-2639,towel
a923-45b7-gh12-6095,towel
a923-45b7-gh12-3634,towel
a923-45b7-gh12-353,towel
a923-45b7-gh12-1131,towel
a923-45b7-gh12-327,towel
a923-45b7-gh12-9520,towel
a923-45b7-gh12-1932,towel
a923-45b7-gh12-551,towel
a923-45b7-gh12-2018,towel
a923-45b7-gh12-6233,towel
a923-45b7-gh12-397,towel
a923-45b7-gh12-3612,towel
a923-45b7-gh12-1632,towel
a923-45b7-gh12-1259,towel
a923-45b7-gh12-8634,towel
a923-45b7-gh12-8853,towel
a923-45b7-gh12-7192,towel
a923-45b7-gh12-6512,towel
a923-45b7-gh12-1409,towel
a923-45b7-gh12-1996,towel
a923-45b7-gh12-4158,towel
a923-45b7-gh12-5712,towel
a923-45b7-gh12-6399,towel
a923-45b7-gh12-4305,towel
a923-45b7-gh12-3456,towel
a923-45b7-gh12-2964,towel
a923-45b7-gh12-1658,towel
a923-45b7-gh12-1617,towel
a923-45b7-gh12-3216,facial
a923-45b7-gh12-6831,facial
a923-45b7-gh12-1301,facial
a923-45b7-gh12-1649,facial
a923-45b7-gh12-5735,facial
a923-45b7-gh12-3861,facial
a923-45b7-gh12-7654,facial
a923-45b7-gh12-3995,facial
a923-45b7-gh12-2082,facial
a923-45b7-gh12-4499,facial
a923-45b7-gh12-7146,facial
a923-45b7-gh12-5983,facial
a923-45b7-gh12-8479,facial
a923-45b7-gh12-7746,facial
a923-45b7-gh12-2493,facial
a923-45b7-gh12-8046,facial
a923-45b7-gh12-4909,facial
a923-45b7-gh12-8297,facial
a923-45b7-gh12-4484,facial
a923-45b7-gh12-125,facial
a923-45b7-gh12-2866,facial
a923-45b7-gh12-1559,facial
a923-45b7-gh12-741,facial
a923-45b7-gh12-8580,facial
a923-45b7-gh12-2377,facial
a923-45b7-gh12-570,facial
a923-45b7-gh12-2720,facial
a923-45b7-gh12-4425,facial
a923-45b7-gh12-2652,facial
a923-45b7-gh12-8350,facial
a923-45b7-gh12-5187,facial
a923-45b7-gh12-5434,facial
a923-45b7-gh12-878,facial
a923-45b7-gh12-9615,facial
a923-45b7-gh12-5308,facial
a923-45b7-gh12-5374,facial
a923-45b7-gh12-2687,facial
a923-45b7-gh12-4761,facial
a923-45b7-gh12-5085,facial
a923-45b7-gh12-6814,facial
a923-45b7-gh12-7415,facial
a923-45b7-gh12-6283,facial
a923-45b7-gh12-1133,facial
a923-45b7-gh12-1709,facial
a923-45b7-gh12-4487,facial
a923-45b7-gh12-1954,facial
a923-45b7-gh12-7639,facial
a923-45b7-gh12-1449,facial
a923-45b7-gh12-9894,facial
a923-45b7-gh12-1956,facial
a923-45b7-gh12-2191,facial
a923-45b7-gh12-8985,facial
a923-45b7-gh12-4101,facial
a923-45b7-gh12-2686,facial
a923-45b7-gh12-7013,facial
a923-45b7-gh12-3858,facial
a923-45b7-gh12-1156,facial
a923-45b7-gh12-5908,facial
a923-45b7-gh12-4152,facial
a923-45b7-gh12-7253,facial
a923-45b7-gh12-4355,facial
a923-45b7-gh12-4011,facial
a923-45b7-gh12-7119,facial
a923-45b7-gh12-9270,facial
a923-45b7-gh12-4141,facial
a923-45b7-gh12-2634,facial
a923-45b7-gh12-4845,facial
a923-45b7-gh12-3494,facial
a923-45b7-gh12-8442,facial
a923-45b7-gh12-2880,facial
a923-45b7-gh12-2966,facial
a923-45b7-gh12-6109,facial
a923-45b7-gh12-7243,facial
a923-45b7-gh12-654,facial
a923-45b7-gh12-1727,facial
a923-45b7-gh12-8329,facial
a923-45b7-gh12-8660,facial
a923-45b7-gh12-4119,facial
a923-45b7-gh12-6638,facial
a923-45b7-gh12-1832,facial
a923-45b7-gh12-5525,facial
a923-45b7-gh12-407,facial
a923-45b7-gh12-9197,facial
a923-45b7-gh12-5819,facial
a923-45b7-gh12-207,facial
a923-45b7-gh12-4470,facial
a923-45b7-gh12-9685,facial
a923-45b7-gh12-9649,facial
a923-45b7-gh12-7198,facial
a923-45b7-gh12-336,facial
a923-45b7-gh12-1869,facial
a923-45b7-gh12-351,facial
a923-45b7-gh12-7734,facial
a923-45b7-gh12-3235,facial
a923-45b7-gh12-4061,facial
a923-45b7-gh12-3209,facial
a923-45b7-gh12-4644,facial
a923-45b7-gh12-8265,facial
a923-45b7-gh12-2046,facial
a923-45b7-gh12-1462,facial
a923-45b7-gh12-4120,facial
a923-45b7-gh12-9838,facial
a923-45b7-gh12-6633,facial
a923-45b7-gh12-9922,facial
a923-45b7-gh12-68,facial
a923-45b7-gh12-6834,facial
a923-45b7-gh12-856,facial
a923-45b7-gh12-3361,facial
a923-45b7-gh12-7529,facial
a923-45b7-gh12-7402,facial
a923-45b7-gh12-7911,facial
a923-45b7-gh12-182,facial
a923-45b7-gh12-541,facial
a923-45b7-gh12-1671,facial
a923-45b7-gh12-4812,facial
a923-45b7-gh12-6804,facial
a923-45b7-gh12-9230,facial
a923-45b7-gh12-1746,facial
a923-45b7-gh12-8144,facial
a923-45b7-gh12-7085,facial
a923-45b7-gh12-3147,facial
a923-45b7-gh12-9364,facial
a923-45b7-gh12-6518,facial
a923-45b7-gh12-2038,facial
a923-45b7-gh12-8522,facial
a923-45b7-gh12-8701,facial
a923-45b7-gh12-9554,facial
a923-45b7-gh12-8711,facial
a923-45b7-gh12-1592,facial
a923-45b7-gh12-4843,facial
a923-45b7-gh12-5230,facial
a923-45b7-gh12-5882,facial
a923-45b7-gh12-4131,facial
a923-45b7-gh12-8477,facial
a923-45b7-gh12-9476,facial
a923-45b7-gh12-7483,facial
a923-45b7-gh12-2972,facial
a923-45b7-gh12-8336,facial
a923-45b7-gh12-2828,facial
a923-45b7-gh12-4206,facial
a923-45b7-gh12-1282,napkins
a923-45b7-gh12-4052,napkins
a923-45b7-gh12-6428,napkins
a923-45b7-gh12-7224,napkins
a923-45b7-gh12-2934,napkins
a923-45b7-gh12-7945,napkins
a923-45b7-gh12-8855,napkins
a923-45b7-gh12-5720,napkins
a923-45b7-gh12-1821,napkins
a923-45b7-gh12-3514,napkins
a923-45b7-gh12-6587,napkins
a923-45b7-gh12-3357,napkins
a923-45b7-gh12-6216,napkins
a923-45b7-gh12-3804,napkins
a923-45b7-gh12-3073,napkins
a923-45b7-gh12-7611,napkins
a923-45b7-gh12-4186,napkins
a923-45b7-gh12-3941,napkins
a923-45b7-gh12-4236,napkins
a923-45b7-gh12-5915,napkins
a923-45b7-gh12-2092,napkins
a923-45b7-gh12-3957,napkins
a923-45b7-gh12-2333,napkins
a923-45b7-gh12-4447,napkins
a923-45b7-gh12-4632,napkins
a923-45b7-gh12-1164,napkins
a923-45b7-gh12-6821,napkins
a923-45b7-gh12-6098,napkins
a923-45b7-gh12-2362,napkins
a923-45b7-gh12-818,napkins
a923-45b7-gh12-8164,napkins
a923-45b7-gh12-3773,napkins
a923-45b7-gh12-5320,napkins
a923-45b7-gh12-1359,napkins
a923-45b7-gh12-6352,napkins
a923-45b7-gh12-6986,napkins
a923-45b7-gh12-6160,napkins
a923-45b7-gh12-6868,napkins
a923-45b7-gh12-6218,napkins
a923-45b7-gh12-7029,napkins
a923-45b7-gh12-883,napkins
a923-45b7-gh12-4304,napkins
a923-45b7-gh12-8862,napkins
a923-45b7-gh12-6606,napkins
a923-45b7-gh12-6921,napkins
a923-45b7-gh12-6692,napkins
a923-45b7-gh12-9377,napkins
a923-45b7-gh12-7165,napkins
a923-45b7-gh12-2602,napkins
a923-45b7-gh12-5084,napkins
a923-45b7-gh12-8777,napkins
a923-45b7-gh12-2674,napkins
a923-45b7-gh12-8958,napkins
a923-45b7-gh12-1622,napkins
a923-45b7-gh12-1615,napkins
a923-45b7-gh12-4431,napkins
a923-45b7-gh12-3725,napkins
a923-45b7-gh12-7487,napkins
a923-45b7-gh12-592,napkins
a923-45b7-gh12-1981,napkins
a923-45b7-gh12-1218,napkins
a923-45b7-gh12-9822,napkins
a923-45b7-gh12-5621,napkins
a923-45b7-gh12-4012,napkins
a923-45b7-gh12-3895,napkins
a923-45b7-gh12-9758,napkins
a923-45b7-gh12-6342,napkins
a923-45b7-gh12-1527,napkins
a923-45b7-gh12-6026,napkins
a923-45b7-gh12-9825,napkins
a923-45b7-gh12-3302,napkins
a923-45b7-gh12-6407,napkins
a923-45b7-gh12-4995,napkins
a923-45b7-gh12-9019,napkins
a923-45b7-gh12-2543,napkins
a923-45b7-gh12-6286,napkins
a923-45b7-gh12-4892,napkins
a923-45b7-gh12-5658,napkins
a923-45b7-gh12-6365,napkins
a923-45b7-gh12-506,napkins
a923-45b7-gh12-6068,napkins
a923-45b7-gh12-8805,napkins
a923-45b7-gh12-1444,napkins
a923-45b7-gh12-4661,napkins
a923-45b7-gh12-1244,napkins
a923-45b7-gh12-5644,napkins
a923-45b7-gh12-3829,napkins
a923-45b7-gh12-7143,napkins
a923-45b7-gh12-5766,napkins
a923-45b7-gh12-8802,napkins
a923-45b7-gh12-9918,napkins
a923-45b7-gh12-4598,napkins
a923-45b7-gh12-5648,napkins
a923-45b7-gh12-1253,napkins
a923-45b7-gh12-5094,napkins
a923-45b7-gh12-2837,napkins
a923-45b7-gh12-3469,napkins
a923-45b7-gh12-3324,napkins
a923-45b7-gh12-2991,napkins
a923-45b7-gh12-720,napkins
a923-45b7-gh12-7382,napkins
a923-45b7-gh12-2547,napkins
a923-45b7-gh12-417,napkins
a923-45b7-gh12-424,napkins
a923-45b7-gh12-7257,napkins
a923-45b7-gh12-3596,napkins
a923-45b7-gh12-4868,napkins
a923-45b7-gh12-2459,napkins
a923-45b7-gh12-7367,napkins
a923-45b7-gh12-2504,napkins
a923-45b7-gh12-8398,napkins
a923-45b7-gh12-1860,napkins
a923-45b7-gh12-6127,napkins
a923-45b7-gh12-3897,napkins
a923-45b7-gh12-9592,napkins
a923-45b7-gh12-7912,napkins
a923-45b7-gh12-3454,napkins
a923-45b7-gh12-5218,napkins
a923-45b7-gh12-5794,napkins
a923-45b7-gh12-7663,napkins
a923-45b7-gh12-6874,napkins
a923-45b7-gh12-1825,napkins
a923-45b7-gh12-5475,napkins
a923-45b7-gh12-4285,napkins
a923-45b7-gh12-4106,napkins
a923-45b7-gh12-9990,napkins
a923-45b7-gh12-2907,napkins
a923-45b7-gh12-8028,napkins
a923-45b7-gh12-6313,napkins
a923-45b7-gh12-8189,napkins
a923-45b7-gh12-1543,napkins
a923-45b7-gh12-9260,napkins
a923-45b7-gh12-7370,napkins
a923-45b7-gh12-1356,napkins
a923-45b7-gh12-5676,napkins
a923-45b7-gh12-4588,napkins
a923-45b7-gh12-8554,napkins
a923-45b7-gh12-3040,napkins
a923-45b7-gh12-191,napkins
a923-45b7-gh12-4005,napkins
a923-45b7-gh12-2343,handerchiefs
a923-45b7-gh12-766,handerchiefs
a923-45b7-gh12-8022,handerchiefs
a923-45b7-gh12-5170,handerchiefs
a923-45b7-gh12-190,handerchiefs
a923-45b7-gh12-6881,handerchiefs
a923-45b7-gh12-4480,handerchiefs
a923-45b7-gh12-9320,handerchiefs
a923-45b7-gh12-479,handerchiefs
a923-45b7-gh12-4146,handerchiefs
a923-45b7-gh12-8833,handerchiefs
a923-45b7-gh12-250,handerchiefs
a923-45b7-gh12-9045,handerchiefs
a923-45b7-gh12-7064,handerchiefs
a923-45b7-gh12-2698,handerchiefs
a923-45b7-gh12-1674,handerchiefs
a923-45b7-gh12-5397,handerchiefs
a923-45b7-gh12-3153,handerchiefs
a923-45b7-gh12-1279,handerchiefs
a923-45b7-gh12-3477,handerchiefs
a923-45b7-gh12-5452,handerchiefs
a923-45b7-gh12-8846,handerchiefs
a923-45b7-gh12-7180,handerchiefs
a923-45b7-gh12-6013,handerchiefs
a923-45b7-gh12-9092,handerchiefs
a923-45b7-gh12-2138,handerchiefs
a923-45b7-gh12-3575,handerchiefs
a923-45b7-gh12-2564,handerchiefs
a923-45b7-gh12-8083,handerchiefs
a923-45b7-gh12-2710,handerchiefs
a923-45b7-gh12-8466,handerchiefs
a923-45b7-gh12-4021,handerchiefs
a923-45b7-gh12-5958,handerchiefs
a923-45b7-gh12-3932,handerchiefs
a923-45b7-gh12-8337,handerchiefs
a923-45b7-gh12-4718,handerchiefs
a923-45b7-gh12-4890,handerchiefs
a923-45b7-gh12-2963,handerchiefs
a923-45b7-gh12-8251,handerchiefs
a923-45b7-gh12-5549,handerchiefs
a923-45b7-gh12-663,handerchiefs
a923-45b7-gh12-2354,handerchiefs
a923-45b7-gh12-3556,handerchiefs
a923-45b7-gh12-9001,handerchiefs
a923-45b7-gh12-6991,handerchiefs
a923-45b7-gh12-5865,handerchiefs
a923-45b7-gh12-9309,handerchiefs
a923-45b7-gh12-9224,handerchiefs
a923-45b7-gh12-1710,handerchiefs
a923-45b7-gh12-384,handerchiefs
a923-45b7-gh12-4082,handerchiefs
a923-45b7-gh12-9531,handerchiefs
a923-45b7-gh12-6074,handerchiefs
a923-45b7-gh12-4629,handerchiefs
a923-45b7-gh12-5688,handerchiefs
a923-45b7-gh12-9651,handerchiefs
a923-45b7-gh12-8627,handerchiefs
a923-45b7-gh12-3492,handerchiefs
a923-45b7-gh12-4850,handerchiefs
a923-45b7-gh12-38,handerchiefs
a923-45b7-gh12-7153,handerchiefs
a923-45b7-gh12-2097,handerchiefs
a923-45b7-gh12-8979,handerchiefs
a923-45b7-gh12-3367,handerchiefs
a923-45b7-gh12-2244,handerchiefs
a923-45b7-gh12-8547,handerchiefs
a923-45b7-gh12-2844,handerchiefs
a923-45b7-gh12-4885,handerchiefs
a923-45b7-gh12-9648,handerchiefs
a923-45b7-gh12-9703,handerchiefs
a923-45b7-gh12-2956,handerchiefs
a923-45b7-gh12-159,handerchiefs
a923-45b7-gh12-2879,handerchiefs
a923-45b7-gh12-9964,handerchiefs
a923-45b7-gh12-3284,handerchiefs
a923-45b7-gh12-9042,handerchiefs
a923-45b7-gh12-7102,handerchiefs
a923-45b7-gh12-2791,handerchiefs
a923-45b7-gh12-3525,handerchiefs
a923-45b7-gh12-6835,handerchiefs
a923-45b7-gh12-1167,handerchiefs
a923-45b7-gh12-6695,handerchiefs
a923-45b7-gh12-5,handerchiefs
a923-45b7-gh12-5438,handerchiefs
a923-45b7-gh12-4260,handerchiefs
a923-45b7-gh12-9511,handerchiefs
a923-45b7-gh12-5335,handerchiefs
a923-45b7-gh12-9994,handerchiefs
a923-45b7-gh12-6799,handerchiefs
a923-45b7-gh12-3632,handerchiefs
a923-45b7-gh12-6853,handerchiefs
a923-45b7-gh12-6042,handerchiefs
a923-45b7-gh12-1319,handerchiefs
a923-45b7-gh12-5964,handerchiefs
a923-45b7-gh12-640,handerchiefs
a923-45b7-gh12-1206,handerchiefs
a923-45b7-gh12-1569,handerchiefs
a923-45b7-gh12-5823,handerchiefs
a923-45b7-gh12-3018,handerchiefs
a923-45b7-gh12-1717,handerchiefs
a923-45b7-gh12-9841,handerchiefs
a923-45b7-gh12-423,handerchiefs
a923-45b7-gh12-9147,handerchiefs
a923-45b7-gh12-7780,handerchiefs
a923-45b7-gh12-6914,handerchiefs
a923-45b7-gh12-8942,handerchiefs
a923-45b7-gh12-8284,handerchiefs
a923-45b7-gh12-6270,handerchiefs
a923-45b7-gh12-1296,handerchiefs
a923-45b7-gh12-3790,handerchiefs
a923-45b7-gh12-8931,handerchiefs
a923-45b7-gh12-6880,handerchiefs
a923-45b7-gh12-9363,handerchiefs
a923-45b7-gh12-2427,handerchiefs
a923-45b7-gh12-4170,handerchiefs
a923-45b7-gh12-72,handerchiefs
a923-45b7-gh12-4031,handerchiefs
a923-45b7-gh12-9835,handerchiefs
a923-45b7-gh12-4130,handerchiefs
a923-45b7-gh12-4420,handerchiefs
a923-45b7-gh12-1726,handerchiefs
a923-45b7-gh12-2375,handerchiefs
a923-45b7-gh12-3359,handerchiefs
a923-45b7-gh12-219,handerchiefs
a923-45b7-gh12-5003,handerchiefs
a923-45b7-gh12-4046,handerchiefs
a923-45b7-gh12-8556,handerchiefs
a923-45b7-gh12-8975,handerchiefs
a923-45b7-gh12-7594,handerchiefs
a923-45b7-gh12-2160,handerchiefs
a923-45b7-gh12-4507,handerchiefs
a923-45b7-gh12-1376,handerchiefs
a923-45b7-gh12-2425,handerchiefs
a923-45b7-gh12-7185,handerchiefs
a923-45b7-gh12-6293,handerchiefs
a923-45b7-gh12-381,handerchiefs
a923-45b7-gh12-5979,handerchiefs
a923-45b7-gh12-8800,handerchiefs
a923-45b7-gh12-7954,handerchiefs
a923-45b7-gh12-6729,handerchiefs
a923-45b7-gh12-1542,toilet
a923-45b7-gh12-796,toilet
a923-45b7-gh12-8633,toilet
a923-45b7-gh12-1976,toilet
a923-45b7-gh12-9168,toilet
a923-45b7-gh12-1260,toilet
a923-45b7-gh12-91,toilet
a923-45b7-gh12-2457,toilet
a923-45b7-gh12-7585,toilet
a923-45b7-gh12-3392,toilet
a923-45b7-gh12-7613,toilet
a923-45b7-gh12-4280,toilet
a,toilet
a923-45b7-gh12-6427,toilet
a923-45b7-gh12-7923,toilet
a923-45b7-gh12-7225,toilet
a923-45b7-gh12-7764,toilet
a923-45b7-gh12-2137,toilet
a923-45b7-gh12-5212,toilet
a923-45b7-gh12-739,toilet
a923-45b7-gh12-3131,toilet
a923-45b7-gh12-8377,toilet
a923-45b7-gh12-8804,toilet
a923-45b7-gh12-5957,toilet
a923-45b7-gh12-9730,toilet
a923-45b7-gh12-5990,toilet
a923-45b7-gh12-5909,toilet
a923-45b7-gh12-5524,toilet
a923-45b7-gh12-2086,toilet
a923-45b7-gh12-8135,toilet
a923-45b7-gh12-8230,toilet
a923-45b7-gh12-3905,toilet
a923-45b7-gh12-7039,toilet
a923-45b7-gh12-6118,toilet
a923-45b7-gh12-8814,toilet
a923-45b7-gh12-375,toilet
a923-45b7-gh12-5791,toilet
a923-45b7-gh12-2927,toilet
a923-45b7-gh12-4955,toilet
a923-45b7-gh12-7093,toilet
a923-45b7-gh12-6287,toilet
a923-45b7-gh12-5247,toilet
a923-45b7-gh12-658,toilet
a923-45b7-gh12-4132,toilet
a923-45b7-gh12-7223,toilet
a923-45b7-gh12-8079,toilet
a923-45b7-gh12-3230,toilet
a923-45b7-gh12-4646,toilet
a923-45b7-gh12-8335,toilet
a923-45b7-gh12-127,toilet
a923-45b7-gh12-7280,toilet
a923-45b7-gh12-9759,toilet
a923-45b7-gh12-7279,toilet
a923-45b7-gh12-7562,toilet
a923-45b7-gh12-9992,toilet
a923-45b7-gh12-7937,toilet
a923-45b7-gh12-1442,toilet
a923-45b7-gh12-7978,toilet
a923-45b7-gh12-625,toilet
a923-45b7-gh12-7695,toilet
a923-45b7-gh12-486,toilet
a923-45b7-gh12-5375,toilet
a923-45b7-gh12-8145,toilet
a923-45b7-gh12-8889,toilet
a923-45b7-gh12-8651,toilet
a923-45b7-gh12-371,toilet
a923-45b7-gh12-5123,toilet
a923-45b7-gh12-2734,toilet
a923-45b7-gh12-3025,toilet
a923-45b7-gh12-1955,toilet
a923-45b7-gh12-6672,toilet
a923-45b7-gh12-4395,toilet
a923-45b7-gh12-4882,toilet
a923-45b7-gh12-5771,toilet
a923-45b7-gh12-8878,toilet
a923-45b7-gh12-3817,toilet
a923-45b7-gh12-4356,toilet
a923-45b7-gh12-9347,toilet
a923-45b7-gh12-6711,toilet
a923-45b7-gh12-6526,toilet
a923-45b7-gh12-6346,toilet
a923-45b7-gh12-6505,toilet
a923-45b7-gh12-9365,toilet
a923-45b7-gh12-490,toilet
a923-45b7-gh12-3004,toilet
a923-45b7-gh12-4556,toilet
a923-45b7-gh12-7785,toilet
a923-45b7-gh12-8161,toilet
a923-45b7-gh12-9875,toilet
a923-45b7-gh12-5952,toilet
a923-45b7-gh12-2724,toilet
a923-45b7-gh12-4056,toilet
a923-45b7-gh12-3931,toilet
a923-45b7-gh12-6426,toilet
a923-45b7-gh12-1583,toilet
a923-45b7-gh12-8721,toilet
a923-45b7-gh12-5507,toilet
a923-45b7-gh12-9855,toilet
a923-45b7-gh12-1340,toilet
a923-45b7-gh12-4956,toilet
a923-45b7-gh12-580,toilet
a923-45b7-gh12-5352,toilet
a923-45b7-gh12-1517,toilet
a923-45b7-gh12-5761,toilet
a923-45b7-gh12-1758,toilet
a923-45b7-gh12-201,toilet
a923-45b7-gh12-5659,toilet
a923-45b7-gh12-1759,toilet
a923-45b7-gh12-5866,toilet
a923-45b7-gh12-6011,toilet
a923-45b7-gh12-7768,toilet
a923-45b7-gh12-7451,toilet
a923-45b7-gh12-8828,toilet
a923-45b7-gh12-1698,toilet
a923-45b7-gh12-9586,toilet
a923-45b7-gh12-1797,toilet
a923-45b7-gh12-3082,toilet
a923-45b7-gh12-1506,toilet
a923-45b7-gh12-9070,toilet
a923-45b7-gh12-9765,toilet
a923-45b7-gh12-1763,toilet
a923-45b7-gh12-4804,toilet
a923-45b7-gh12-7309,toilet
a923-45b7-gh12-6525,toilet
a923-45b7-gh12-1597,toilet
a923-45b7-gh12-6276,toilet
a923-45b7-gh12-2445,toilet
a923-45b7-gh12-8784,toilet
a923-45b7-gh12-6398,toilet
a923-45b7-gh12-6580,toilet
a923-45b7-gh12-6022,toilet
a923-45b7-gh12-1317,toilet
a923-45b7-gh12-3091,toilet
a923-45b7-gh12-9816,toilet
a923-45b7-gh12-5675,toilet
a923-45b7-gh12-9229,toilet
a923-45b7-gh12-8339,toilet
a923-45b7-gh12-5453,toilet
a923-45b7-gh12-6794,toilet
a923-45b7-gh12-8301,toilet
